{"cameraMode":{"drawMode":0,"name":"Shaded","section":"Shading Mode"},"sceneLighting":false,"audioPlay":false,"sceneViewState":{"showFog":true,"showMaterialUpdate":false,"showSkybox":true,"showFlares":true,"showImageEffects":true,"showParticleSystems":true,"showVisualEffectGraphs":true,"m_FxEnabled":true},"in2DMode":false,"pivot":{"x":0.5360157489776611,"y":5.512556076049805,"z":-5.750919342041016},"rotation":{"x":0.013479976914823056,"y":-0.053968146443367007,"z":0.000728634768165648,"w":0.9984528422355652},"size":7.877121925354004,"orthographic":false}