{"cameraMode":{"drawMode":0,"name":"Shaded","section":"Shading Mode"},"sceneLighting":false,"audioPlay":false,"sceneViewState":{"showFog":true,"showMaterialUpdate":false,"showSkybox":true,"showFlares":true,"showImageEffects":true,"showParticleSystems":true,"showVisualEffectGraphs":true,"m_FxEnabled":true},"in2DMode":false,"pivot":{"x":1.7462153434753419,"y":2.737413167953491,"z":-2.8670637607574465},"rotation":{"x":0.02954258769750595,"y":-0.17304502427577973,"z":0.005192904267460108,"w":0.9844568371772766},"size":6.788516044616699,"orthographic":false}