{"cameraMode":{"drawMode":0,"name":"Shaded","section":"Shading Mode"},"sceneLighting":false,"audioPlay":false,"sceneViewState":{"showFog":true,"showMaterialUpdate":false,"showSkybox":true,"showFlares":true,"showImageEffects":true,"showParticleSystems":true,"showVisualEffectGraphs":true,"m_FxEnabled":true},"in2DMode":false,"pivot":{"x":4.882368087768555,"y":1.6771392822265626,"z":-1.3140745162963868},"rotation":{"x":0.07193397730588913,"y":0.010473393835127354,"z":-0.0007553655304946005,"w":0.9973554611206055},"size":16.86566162109375,"orthographic":false}