{"cameraMode":{"drawMode":0,"name":"Shaded","section":"Shading Mode"},"sceneLighting":false,"audioPlay":false,"sceneViewState":{"showFog":true,"showMaterialUpdate":false,"showSkybox":true,"showFlares":true,"showImageEffects":true,"showParticleSystems":true,"showVisualEffectGraphs":true,"m_FxEnabled":true},"in2DMode":false,"pivot":{"x":0.5413476228713989,"y":2.7212917804718019,"z":-1.071474313735962},"rotation":{"x":0.07193397730588913,"y":0.010473393835127354,"z":-0.0007553655304946005,"w":0.9973554611206055},"size":5.511097431182861,"orthographic":false}