{"cameraMode":{"drawMode":0,"name":"Shaded","section":"Shading Mode"},"sceneLighting":false,"audioPlay":false,"sceneViewState":{"showFog":true,"showMaterialUpdate":false,"showSkybox":false,"showFlares":true,"showImageEffects":true,"showParticleSystems":true,"showVisualEffectGraphs":true,"m_FxEnabled":true},"in2DMode":false,"pivot":{"x":368.4157409667969,"y":215.7909393310547,"z":-30.286178588867189},"rotation":{"x":-0.057272568345069888,"y":0.014073336496949196,"z":-0.0008074666257016361,"w":-0.9982597231864929},"size":191.3800048828125,"orthographic":false}